,Unnamed: 0,label,max_intensity,mean_intensity,min_intensity,median,sum,variance,filename,annotated_class,predicted_class
6,6,7,8.3,3.069832402234637,0.0,2.8986328840255737,2747.5000000000023,3.161997175458956,img01_20220429_ET358_56hpf_1.tif,2.0,2
14,14,4,9.0,2.9992389649923896,0.0,2.895833373069763,1313.666666666667,3.3069180849239914,img02_20220429_ET358_56hpf_2.tif,2.0,2
30,30,5,5.638888888888889,2.78862660944206,0.3611111111111111,2.974446654319763,5847.750000000001,1.058031293088818,img03_20220429_ET358_56hpf_3.tif,2.0,2
128,128,11,4.112903225806452,2.487472501800767,0.3225806451612903,2.707125663757324,4121.741935483869,0.8212848464525743,img10_20220513_ET358_56hpf_6.tif,2.0,2
214,214,6,7.205882352941177,3.688433666653173,0.2058823529411764,4.1455078125,10718.588235294112,2.7560176130536163,img17_20220520_hsp-mKate-DN-dynactin_56hpf_4.tif,2.0,2
