,accuracy,precision
0,1.0,1.0
1,0.7777777777777778,0.6666666666666666
2,0.8333333333333334,0.7777777777777778
3,1.0,1.0
4,0.8666666666666667,0.8888888888888888
5,1.0,1.0
6,1.0,1.0
7,1.0,1.0
8,1.0,1.0
9,1.0,1.0
10,0.8,0.8
11,0.875,0.8333333333333334
12,1.0,1.0
