,accuracy,precision
0,0.5,0.5
1,0.4444444444444444,0.4444444444444444
2,0.5833333333333334,0.5833333333333334
3,0.6666666666666666,0.6666666666666666
4,0.6,0.6
5,0.75,0.75
6,0.7142857142857143,0.7142857142857143
7,0.5,0.5
8,0.7,0.7
9,0.8571428571428571,0.8571428571428571
10,0.8,0.8
11,0.625,0.625
12,0.8,0.8
