,accuracy,precision
0,0.6666666666666666,0.6
1,0.5555555555555556,0.5
2,0.6666666666666666,0.6363636363636364
3,0.6666666666666666,0.6666666666666666
4,0.6,0.6
5,0.75,0.75
6,0.8571428571428571,0.8333333333333334
7,0.5,0.5
8,0.7,0.7
9,0.8571428571428571,0.8571428571428571
10,0.8,0.8
11,0.75,0.7142857142857143
12,0.8,0.8
