,accuracy,precision
0,1.0,1.0
1,0.6666666666666666,0.5714285714285714
2,0.8333333333333334,0.7777777777777778
3,0.8888888888888888,0.8571428571428571
4,0.7333333333333333,0.6923076923076923
5,1.0,1.0
6,1.0,1.0
7,1.0,1.0
8,1.0,1.0
9,0.8571428571428571,0.8571428571428571
10,0.8,0.8
11,0.875,0.8333333333333334
12,1.0,1.0
